0.003156334,-0.09016944,8.875868,-0.4081394
0.1262008,-0.09920226,8.875013,-0.4126558
0.1452184,-0.09920226,8.875013,-0.4126558
0.1617949,-0.1077468,8.893079,-0.433651
0.1746966,-0.1077468,8.893079,-0.433651
0.1892368,-0.1077468,8.893079,-0.433651
0.2067319,-0.1150707,8.900403,-0.4447589
0.2177134,-0.1150707,8.900403,-0.4447589
0.228406,-0.1332584,8.886487,-0.4226651
0.2427237,-0.1332584,8.886487,-0.4226651
0.2610673,-0.1204416,8.875257,-0.4185149
0.2733835,-0.1204416,8.875257,-0.4185149
0.2949997,-0.1376528,8.890515,-0.4683175
0.3074795,-0.1376528,8.890515,-0.4683175
0.3179335,-0.1376528,8.890515,-0.4683175
0.3318415,-0.1584038,8.908581,-0.4523269
0.3443672,-0.1584038,8.908581,-0.4523269
0.3546188,-0.1584038,8.908581,-0.4523269
0.3698469,-0.1670704,8.91383,-0.4150971
0.381074,-0.1670704,8.91383,-0.4150971
0.3915564,-0.1670704,8.91383,-0.4150971
0.4054548,-0.1720751,8.908825,-0.4515946
0.4158131,-0.1720751,8.908825,-0.4515946
0.4321866,-0.1720751,8.908825,-0.4515946
0.447465,-0.2025914,8.909679,-0.4846742
0.459107,-0.2547131,8.945445,-0.480524
0.4712904,-0.2547131,8.945445,-0.480524
0.4852514,-0.2547131,8.945445,-0.480524
0.4954578,-0.2438494,8.919933,-0.4458575
0.5061849,-0.2438494,8.919933,-0.4458575
0.5169998,-0.2438494,8.919933,-0.4458575
0.5309469,-0.2105256,8.927257,-0.4946836
0.5419918,-0.2105256,8.927257,-0.4946836
0.5541587,-0.2105256,8.927257,-0.4946836
0.5676818,-0.1950233,8.899793,-0.5176318
0.5781801,-0.1950233,8.899793,-0.5176318
0.5887753,-0.1986853,8.919689,-0.4680733
0.5996714,-0.1986853,8.919689,-0.4680733
0.6128373,-0.1986853,8.919689,-0.4680733
0.6237409,-0.2238307,8.937266,-0.4450031
0.6342746,-0.2238307,8.937266,-0.4450031
0.6447241,-0.2238307,8.937266,-0.4450031
0.6582803,-0.2296898,8.927867,-0.4735663
0.6699594,-0.2296898,8.927867,-0.4735663
0.6808953,-0.2296898,8.927867,-0.4735663
0.6910655,-0.213089,8.88197,-0.6111336
0.7053437,-0.213089,8.88197,-0.6111336
0.7158908,-0.213089,8.88197,-0.6111336
0.7276222,-0.2996331,8.860487,-0.7467479
0.7380686,-0.2996331,8.860487,-0.7467479
0.7519493,-0.2996331,8.860487,-0.7467479
0.7639489,-0.5670776,9.067021,-0.8264564
0.7742988,-0.5670776,9.067021,-0.8264564
0.7857053,-0.5670776,9.067021,-0.8264564
0.7992398,-0.4544116,9.136599,-0.6941379
0.8105574,-0.4544116,9.136599,-0.6941379
0.8212814,-0.4544116,9.136599,-0.6941379
0.8314524,-0.3090321,9.165162,-0.3837264
0.8454012,-0.3090321,9.165162,-0.3837264
0.855584,-0.3090321,9.165162,-0.3837264
0.8661596,0.4167667,8.98536,0.5499492
0.8765516,0.4167667,8.98536,0.5499492
0.8905098,1.263776,8.761615,0.7271877
0.901216,1.263776,8.761615,0.7271877
0.9123122,1.263776,8.761615,0.7271877
0.9233807,1.263776,8.761615,0.7271877
0.9369105,1.716149,8.712789,0.7028968
0.9475242,1.716149,8.712789,0.7028968
0.9579871,2.040843,8.828384,0.6616388
0.9704759,2.040843,8.828384,0.6616388
0.9839286,2.040843,8.828384,0.6616388
0.9940006,0.6196389,9.850069,0.7597791
1.004524,0.6196389,9.850069,0.7597791
1.014698,0.6196389,9.850069,0.7597791
1.02861,-0.7603067,10.11446,0.7286525
1.039377,-0.7603067,10.11446,0.7286525
1.050021,-0.7603067,10.11446,0.7286525
1.06044,-0.7603067,10.11446,0.7286525
1.074074,-3.613456,9.919036,-0.1913518
1.085604,-3.613456,9.919036,-0.1913518
1.101879,-2.884483,9.895721,-0.4107028
1.117369,-2.884483,9.895721,-0.4107028
1.129477,0.306664,10.00997,0.680925
1.14133,0.306664,10.00997,0.680925
1.15507,0.306664,10.00997,0.680925
1.166045,1.70968,9.323603,1.059205
1.177716,1.70968,9.323603,1.059205
1.189639,1.70968,9.323603,1.059205
1.211251,3.453135,8.305945,1.282462
1.221847,3.453135,8.305945,1.282462
1.232135,2.667036,8.872572,0.857187
1.246554,2.667036,8.872572,0.857187
1.25673,2.667036,8.872572,0.857187
1.269461,0.8048116,9.85129,0.7758917
1.283651,0.8048116,9.85129,0.7758917
1.29359,-3.118482,10.03134,-0.5549837
1.30453,-3.118482,10.03134,-0.5549837
1.315539,-3.118482,10.03134,-0.5549837
1.329551,-2.371077,9.52086,-1.029817
1.341562,-2.371077,9.52086,-1.029817
1.351927,-2.371077,9.52086,-1.029817
1.362745,-1.125647,9.50792,-0.3168347
1.382687,-1.125647,9.50792,-0.3168347
1.394974,1.698084,8.794938,0.6574886
1.405283,1.698084,8.794938,0.6574886
1.419432,1.698084,8.794938,0.6574886
1.431168,3.431408,8.351598,1.026369
1.446051,3.431408,8.351598,1.026369
1.461026,1.708581,9.933195,1.01636
1.472764,1.708581,9.933195,1.01636
1.485642,1.708581,9.933195,1.01636
1.500143,-0.08211315,10.51203,1.305654
1.510917,-0.08211315,10.51203,1.305654
1.52234,-0.08211315,10.51203,1.305654
1.535885,-3.303777,10.55365,0.4565695
1.547108,-3.303777,10.55365,0.4565695
1.557687,-3.303777,10.55365,0.4565695
1.56852,-1.850226,10.42048,0.03080657
1.582076,-1.850226,10.42048,0.03080657
1.593071,1.084341,9.480211,1.319203
1.605601,1.084341,9.480211,1.319203
1.61897,1.084341,9.480211,1.319203
1.630043,2.79081,8.488189,1.68015
1.640973,2.79081,8.488189,1.68015
1.651405,2.79081,8.488189,1.68015
1.665172,2.803139,8.662131,0.6803148
1.675371,2.803139,8.662131,0.6803148
1.686332,2.803139,8.662131,0.6803148
1.697109,2.302916,9.19287,0.6341742
1.710883,2.302916,9.19287,0.6341742
1.723321,2.302916,9.19287,0.6341742
1.734136,-2.749479,10.71942,0.1440829
1.758819,-4.002477,10.68426,-1.121854
1.770961,-4.002477,10.68426,-1.121854
1.785868,-4.002477,10.68426,-1.121854
1.796153,-2.36473,10.78313,0.1732565
1.811246,-2.36473,10.78313,0.1732565
1.825,0.7075257,10.07589,1.380236
1.835261,0.7075257,10.07589,1.380236
1.845933,0.7075257,10.07589,1.380236
1.856089,0.7075257,10.07589,1.380236
1.870421,2.534595,9.091801,1.788299
1.881052,2.534595,9.091801,1.788299
1.891419,3.825433,8.13774,1.895472
1.902233,3.825433,8.13774,1.895472
1.915666,3.825433,8.13774,1.895472
1.929035,1.511324,9.795383,0.5833951
1.939975,1.511324,9.795383,0.5833951
1.953689,1.511324,9.795383,0.5833951
1.964098,-1.537129,10.25191,0.4225133
1.974452,-1.537129,10.25191,0.4225133
1.985173,-1.537129,10.25191,0.4225133
1.998928,-3.214913,10.22054,-0.3536984
2.011261,-3.214913,10.22054,-0.3536984
2.021915,-3.214913,10.22054,-0.3536984
2.035114,-3.17866,10.03451,-0.3894634
2.045732,-3.17866,10.03451,-0.3894634
2.056033,-3.17866,10.03451,-0.3894634
2.06695,-0.09016944,9.038336,0.8258164
2.080737,-0.09016944,9.038336,0.8258164
2.09138,0.4768228,8.834122,0.4690201
2.102225,0.4768228,8.834122,0.4690201
2.112523,0.4768228,8.834122,0.4690201
2.126831,0.7702672,8.69985,-0.06928679
2.137248,0.7702672,8.69985,-0.06928679
2.147822,0.7702672,8.69985,-0.06928679
2.158075,0.7702672,8.69985,-0.06928679
2.171901,0.700568,8.678976,-0.06586897
2.183458,0.700568,8.678976,-0.06586897
2.194774,0.4691327,8.709859,-0.06184082
2.216451,0.4691327,8.709859,-0.06184082
2.230357,-0.110066,8.830704,-0.1704787
2.242392,-0.110066,8.830704,-0.1704787
2.255973,-0.110066,8.830704,-0.1704787
2.266698,-0.4516041,8.869276,-0.06245115
2.277133,-0.4516041,8.869276,-0.06245115
2.287777,-0.4516041,8.869276,-0.06245115
2.30111,-0.39521,8.844741,0.1495759
2.311445,-0.39521,8.844741,0.1495759
2.323529,-0.39521,8.844741,0.1495759
2.333812,-0.2477555,8.822525,0.0974541
2.34802,-0.2477555,8.822525,0.0974541
2.358406,-0.2477555,8.822525,0.0974541
2.36937,0.07254329,8.765887,-0.06525864
2.381207,0.07254329,8.765887,-0.06525864
2.394495,0.2112092,8.746967,-0.04816953
2.405231,0.2112092,8.746967,-0.04816953
2.415807,0.2112092,8.746967,-0.04816953
2.432859,0.1780075,8.758319,-0.01838565
2.449164,0.1780075,8.758319,-0.01838565
2.460278,0.0183464,8.807267,-0.007521863
2.470673,0.0183464,8.807267,-0.007521863
2.484547,0.0183464,8.807267,-0.007521863
2.494656,-0.1457091,8.882215,0.1233319
2.505852,-0.1457091,8.882215,0.1233319
2.516824,-0.1457091,8.882215,0.1233319
2.531336,-0.09944639,8.9203,0.277378
2.542374,-0.09944639,8.9203,0.277378
2.55313,-0.09944639,8.9203,0.277378
2.564559,-0.07539958,8.93629,0.2956878
2.57816,-0.07539958,8.93629,0.2956878
2.588785,-0.07539958,8.93629,0.2956878
2.59955,-0.007653463,9.050909,0.2137821
2.609785,-0.007653463,9.050909,0.2137821
2.623907,-0.007653463,9.050909,0.2137821
2.636574,0.1045243,9.134279,0.1024588
2.660278,0.1045243,9.134279,0.1024588
2.675006,0.2217068,9.070073,-0.5475377
2.686898,0.2217068,9.070073,-0.5475377
2.697515,0.2217068,9.070073,-0.5475377
2.711226,0.2788332,9.017341,-0.8418365
2.721971,0.2788332,9.017341,-0.8418365
2.732126,0.2752933,9.075322,-0.9486434
2.742962,0.2752933,9.075322,-0.9486434
2.756917,0.2752933,9.075322,-0.9486434
2.767358,0.1004962,9.1355,-0.2549477
2.777901,0.1004962,9.1355,-0.2549477
2.789056,0.1004962,9.1355,-0.2549477
2.802888,-0.002892925,9.234495,-0.3363651
2.81337,-0.002892925,9.234495,-0.3363651
2.824261,-0.002892925,9.234495,-0.3363651
2.834327,-0.002892925,9.234495,-0.3363651
2.848283,0.0515481,9.343255,-0.4595288
2.860396,0.0515481,9.343255,-0.4595288
2.871124,0.1118482,9.629498,-0.6674055
2.884814,0.1118482,9.629498,-0.6674055
2.89489,0.1172191,9.930754,-1.373674
2.905854,0.1172191,9.930754,-1.373674
2.915993,0.1172191,9.930754,-1.373674
2.929836,0.1172191,9.930754,-1.373674
2.940394,0.1346744,9.820285,-1.49403
2.95065,0.1346744,9.820285,-1.49403
2.961459,0.1346744,9.820285,-1.49403
2.975035,0.1513973,9.647441,-1.545664
2.986045,0.1513973,9.647441,-1.545664
2.996298,0.1513973,9.647441,-1.545664
3.007037,0.1513973,9.647441,-1.545664
3.020735,0.1970496,9.669535,-1.466321
3.031629,0.2835937,9.93527,-0.9416857
3.042278,0.2835937,9.93527,-0.9416857
3.05276,0.2835937,9.93527,-0.9416857
3.068452,0.1847211,9.951016,-1.480603
3.078907,0.1847211,9.951016,-1.480603
3.091602,0.1847211,9.951016,-1.480603
3.105605,0.07034612,9.824435,-2.041614
3.117032,0.07034612,9.824435,-2.041614
3.129744,0.07034612,9.824435,-2.041614
3.144406,0.3250959,9.869966,-1.008089
3.15641,0.3250959,9.869966,-1.008089
3.167382,0.1664113,9.811374,-0.914099
3.180888,0.1664113,9.811374,-0.914099
3.192781,0.1664113,9.811374,-0.914099
3.203578,0.1535945,9.794895,-0.9964929
3.213968,0.1535945,9.794895,-0.9964929
3.228064,0.1549372,9.864717,-1.001376
3.23845,0.1549372,9.864717,-1.001376
3.249085,0.1549372,9.864717,-1.001376
3.259884,0.1549372,9.864717,-1.001376
3.275062,0.1481016,9.874604,-0.985263
3.285763,0.1481016,9.874604,-0.985263
3.295897,0.1481016,9.874604,-0.985263
3.30649,0.0791348,9.856904,-0.9226435
3.320509,0.0791348,9.856904,-0.9226435
3.331934,0.04690962,9.831759,-0.9005498
3.342571,0.04690962,9.831759,-0.9005498
3.352916,0.04690962,9.831759,-0.9005498
3.366699,0.07828034,9.808567,-1.004427
3.376998,0.07828034,9.808567,-1.004427
3.387663,0.07828034,9.808567,-1.004427
3.398032,0.07828034,9.808567,-1.004427
3.411934,0.08059958,9.818698,-0.9964929
3.422475,0.08059958,9.818698,-0.9964929
3.4327,0.07998925,9.833102,-0.9781833
3.443688,0.07998925,9.833102,-0.9781833
3.457176,0.07998925,9.833102,-0.9781833
3.467947,0.06619591,9.827609,-0.9325308
3.480299,0.06619591,9.827609,-0.9325308
3.495271,-0.1210519,9.733741,-1.051666
3.521828,-0.1210519,9.733741,-1.051666
3.540707,0.1101393,9.764257,-0.9299675
3.552458,0.1101393,9.764257,-0.9299675
3.564088,0.1101393,9.764257,-0.9299675
3.577812,-0.006188681,9.788915,-1.021394
3.588896,-0.006188681,9.788915,-1.021394
3.59974,0.001501417,9.782323,-1.013704
3.610588,0.001501417,9.782323,-1.013704
3.624705,0.001501417,9.782323,-1.013704
3.634893,-0.001794339,9.78098,-1.003695
3.645438,-0.001794339,9.78098,-1.003695
3.655685,-0.001794339,9.78098,-1.003695
3.669785,-0.003137055,9.781713,-1.010042
3.682231,-0.003137055,9.781713,-1.010042
3.692503,-0.003137055,9.781713,-1.010042
3.706706,-0.006676942,9.781957,-1.007357
3.716926,-0.006676942,9.781957,-1.007357
3.727598,-0.006676942,9.781957,-1.007357
3.738425,-0.00325912,9.78098,-1.009432
3.752505,-0.00325912,9.78098,-1.009432
3.762894,-0.00277086,9.781346,-1.008944
3.773399,-0.00277086,9.781346,-1.008944
3.784046,-0.00277086,9.781346,-1.008944
3.79748,-0.00325912,9.780736,-1.007845
3.811529,-0.00325912,9.780736,-1.007845
3.823581,-0.00325912,9.780736,-1.007845
3.837272,-0.004113575,9.781224,-1.007601
3.849023,-0.004113575,9.781224,-1.007601
3.86119,-0.004113575,9.781224,-1.007601
3.874995,-0.004357706,9.780248,-1.008333
3.889178,-0.004357706,9.780248,-1.008333
3.900269,-0.002892925,9.780736,-1.008821
3.91341,-0.002892925,9.780736,-1.008821
3.923922,-0.002892925,9.780736,-1.008821
3.935038,-0.00252673,9.780614,-1.008944
3.945643,-0.00252673,9.780614,-1.008944
3.959386,-0.00252673,9.780614,-1.008944
3.970532,-0.003137055,9.780126,-1.007723
3.982428,-0.003137055,9.780126,-1.007723
3.995706,-0.003137055,9.780126,-1.007723
4.006796,-0.003381185,9.779759,-1.008333
4.017201,-0.003381185,9.779759,-1.008333
4.028911,-0.003381185,9.779759,-1.008333
4.042793,-0.00325912,9.781224,-1.007845
4.053332,-0.00325912,9.781224,-1.007845
4.063733,-0.00325912,9.781224,-1.007845
4.073941,-0.003625315,9.780858,-1.008821
4.088372,-0.003625315,9.780858,-1.008821
4.100276,-0.00374738,9.78098,-1.008577
4.111096,-0.00374738,9.78098,-1.008577
4.125483,-0.00374738,9.78098,-1.008577
4.136673,-0.00325912,9.781346,-1.008821
4.147239,-0.00325912,9.781346,-1.008821
4.15752,-0.00325912,9.781346,-1.008821
4.171676,-0.00325912,9.780004,-1.008821
4.183528,-0.00325912,9.780004,-1.008821
4.193799,-0.00325912,9.780004,-1.008821
4.20451,-0.00325912,9.780004,-1.008821
4.21797,-0.00325912,9.780004,-1.008821
4.229729,-0.00325912,9.780004,-1.008821
4.240761,-0.003137055,9.779515,-1.008455
4.250674,-0.003625315,9.780614,-1.00931
4.264341,-0.003625315,9.780614,-1.00931
4.275065,-0.003625315,9.780614,-1.00931
4.291116,-0.003625315,9.780614,-1.00931
4.30778,-0.00374738,9.780248,-1.0087
4.318886,-0.00374738,9.780248,-1.0087
4.329634,-0.00374738,9.780248,-1.0087
4.345993,-0.00399151,9.780858,-1.008455
4.356525,-0.00399151,9.780858,-1.008455
4.367116,-0.00399151,9.780858,-1.008455
4.38051,-0.002282599,9.779271,-1.008333
4.39138,-0.002282599,9.779271,-1.008333
4.402952,-0.002282599,9.779271,-1.008333
4.413144,0.073886,9.770848,-1.006136
4.428215,0.073886,9.770848,-1.006136
4.438625,-0.04769081,9.790379,-1.011141
4.449418,-0.04769081,9.790379,-1.011141
4.460231,-0.04769081,9.790379,-1.011141
4.473878,-0.1143383,9.783177,-1.006746
4.484619,-0.1143383,9.783177,-1.006746
4.494808,-0.1143383,9.783177,-1.006746
4.507449,0.002844133,9.781713,-1.00931
4.521466,0.002844133,9.781713,-1.00931
4.532348,0.001867612,9.785375,-1.011141
4.54333,0.001867612,9.785375,-1.011141
4.55391,0.001867612,9.785375,-1.011141
4.567658,0.003942719,9.844332,-1.012606
4.578124,0.003942719,9.844332,-1.012606
4.588972,0.003942719,9.844332,-1.012606
4.599492,0.003942719,9.844332,-1.012606
4.612893,0.006994346,9.767186,-1.010164
4.623806,0.006994346,9.767186,-1.010164
4.633995,0.01639336,9.75437,-1.009188
4.644733,0.01639336,9.75437,-1.009188
4.658201,0.01639336,9.75437,-1.009188
4.669062,0.007238476,9.807468,-1.013582
4.679767,0.007238476,9.807468,-1.013582
4.690236,0.007238476,9.807468,-1.013582
4.704297,0.001013157,9.852266,-1.016878
4.71617,0.001013157,9.852266,-1.016878
4.726942,0.001013157,9.852266,-1.016878
4.741556,0.01712575,9.842257,-1.013704
4.752803,0.01712575,9.842257,-1.013704
4.763447,0.01712575,9.842257,-1.013704
4.777066,0.0260365,9.788793,-1.023591
4.787989,0.0260365,9.788793,-1.023591
4.79802,0.0260365,9.788793,-1.023591
4.809278,0.03690028,9.789158,-1.023469
4.82326,0.03690028,9.789158,-1.023469
4.833338,0.06265602,9.787938,-0.9975916
4.844015,0.06265602,9.787938,-0.9975916
4.854407,0.06265602,9.787938,-0.9975916
4.868285,0.06058091,9.756079,-0.9835541
4.878774,0.06058091,9.756079,-0.9835541
4.889366,0.06058091,9.756079,-0.9835541
4.899931,0.06058091,9.756079,-0.9835541
4.913202,0.06363253,9.794285,-1.011019
4.925491,0.06363253,9.794285,-1.011019
4.935644,0.07815828,9.871675,-1.010408
4.946533,0.07815828,9.871675,-1.010408
4.960071,0.07815828,9.871675,-1.010408
4.970863,0.08169816,9.808323,-1.010774
4.981754,0.08169816,9.808323,-1.010774
4.992263,0.08169816,9.808323,-1.010774
5.006215,0.09317228,9.856782,-1.027131
5.01799,0.09317228,9.856782,-1.027131
5.028614,0.09317228,9.856782,-1.027131
5.039262,0.09317228,9.856782,-1.027131
5.053246,0.1223458,9.894135,-1.0253
5.063872,0.1223458,9.894135,-1.0253
5.073944,0.1935098,9.828464,-0.9640237
5.084804,0.1935098,9.828464,-0.9640237
5.098078,0.1935098,9.828464,-0.9640237
5.10955,-0.07576577,9.826999,-1.023347
5.120381,-0.07576577,9.826999,-1.023347
5.132651,-0.07576577,9.826999,-1.023347
5.146477,0.02359519,9.911101,-1.010897
5.156934,0.02359519,9.911101,-1.010897
5.167347,0.06766068,9.829074,-1.009798
5.177806,0.06766068,9.829074,-1.009798
5.191797,0.06766068,9.829074,-1.009798
5.202542,0.06790482,9.892914,-0.9934413
5.212948,0.06790482,9.892914,-0.9934413
5.223535,0.06790482,9.892914,-0.9934413
5.236763,0.0130976,9.950284,-1.154079
5.247209,0.0130976,9.950284,-1.154079
5.257478,0.0130976,9.950284,-1.154079
5.268038,0.0130976,9.950284,-1.154079
5.28137,0.06692829,9.884613,-1.287374
5.292043,0.06692829,9.884613,-1.287374
5.302507,0.06692829,9.884613,-1.287374
5.312723,0.073886,9.881683,-1.461805
5.327019,0.073886,9.881683,-1.461805
5.339077,0.08938827,9.7396,-1.457411
5.3504,0.08938827,9.7396,-1.457411
5.364173,0.08938827,9.7396,-1.457411
5.374232,0.08938827,9.7396,-1.457411
5.384696,0.1379702,9.704933,-1.530161
5.395065,0.1379702,9.704933,-1.530161
5.409673,-0.06539024,9.800755,-1.597419
5.432116,-0.06539024,9.800755,-1.597419
5.446651,0.002966198,9.896576,-1.511119
5.457251,0.002966198,9.896576,-1.511119
5.467808,0.002966198,9.896576,-1.511119
5.478196,0.3633023,9.643901,-1.136746
5.492261,0.3633023,9.643901,-1.136746
5.50292,0.1964393,9.545151,-0.9178832
5.513301,0.1964393,9.545151,-0.9178832
5.524195,0.1964393,9.545151,-0.9178832
5.53833,0.01505064,9.560775,-0.7404005
5.551101,0.01505064,9.560775,-0.7404005
5.561658,0.01505064,9.560775,-0.7404005
5.574939,-0.149371,9.571516,-0.4469561
5.585917,-0.149371,9.571516,-0.4469561
5.596092,-0.149371,9.571516,-0.4469561
5.606925,-0.149371,9.571516,-0.4469561
5.62043,-0.03804766,9.203612,0.04533231
5.63092,-0.03804766,9.203612,0.04533231
5.641413,-0.1210519,9.206176,0.1186934
5.651654,-0.1210519,9.206176,0.1186934
5.665549,-0.1210519,9.206176,0.1186934
5.675918,-0.09187835,9.066289,0.3363354
5.686648,-0.09187835,9.066289,0.3363354
5.696992,-0.09187835,9.066289,0.3363354
5.711066,0.01151075,9.008797,0.2820165
5.721813,0.01151075,9.008797,0.2820165
5.731918,0.01151075,9.008797,0.2820165
5.74354,0.01151075,9.008797,0.2820165
5.758997,0.04336973,8.93336,0.2828709
5.770065,0.03641202,8.915783,0.2817723
5.780632,0.03641202,8.915783,0.2817723
5.794137,0.03641202,8.915783,0.2817723
5.80505,-0.0801601,8.895154,0.22489
5.815477,-0.0801601,8.895154,0.22489
5.826137,-0.0801601,8.895154,0.22489
5.839764,-0.1377748,8.917858,0.1177169
5.850681,-0.1377748,8.917858,0.1177169
5.861361,-0.1377748,8.917858,0.1177169
5.871719,-0.1377748,8.917858,0.1177169
5.885368,-0.1302068,8.893811,0.209754
5.895546,-0.1302068,8.893811,0.209754
5.906529,-0.1492489,8.874159,0.4043257
5.916595,-0.1492489,8.874159,0.4043257
5.930328,-0.1492489,8.874159,0.4043257
5.941665,-0.2228542,8.897351,0.4532737
5.951909,-0.2228542,8.897351,0.4532737
5.964232,-0.2228542,8.897351,0.4532737
5.977711,-0.177446,8.853286,0.4170204
5.988553,-0.177446,8.853286,0.4170204
5.998756,-0.177446,8.853286,0.4170204
6.009486,-0.177446,8.853286,0.4170204
6.02353,-0.1125074,8.865492,0.3607484
6.033597,-0.2128448,8.969857,0.2856784
6.044396,-0.2128448,8.969857,0.2856784
6.054729,-0.2128448,8.969857,0.2856784
6.068867,-0.2285912,8.935924,0.3096032
6.079949,-0.2285912,8.935924,0.3096032
6.090127,-0.2285912,8.935924,0.3096032
6.100677,-0.2285912,8.935924,0.3096032
6.114128,-0.1709765,8.841201,0.3353589
6.124948,-0.1709765,8.841201,0.3353589
6.135539,-0.1709765,8.841201,0.3353589
6.147725,-0.1355777,8.965097,0.3772272
6.16282,-0.1355777,8.965097,0.3772272
6.177353,-0.1999059,9.010506,0.4360625
6.189524,-0.1999059,9.010506,0.4360625
6.205749,-0.263868,9.066411,0.4674333
6.218581,-0.263868,9.066411,0.4674333
6.22986,-0.263868,9.066411,0.4674333
6.245031,-0.3662806,9.104617,0.4410672
6.258677,-0.3662806,9.104617,0.4410672
6.270906,-0.3662806,9.104617,0.4410672
6.286242,-0.4622237,9.136843,0.4585225
6.29865,-0.4622237,9.136843,0.4585225
6.311764,-0.7181942,9.187134,0.4718276
6.326933,-0.7181942,9.187134,0.4718276
6.337002,-0.8572263,9.301996,0.4850107
6.349077,-0.8572263,9.301996,0.4850107
6.362801,-0.8572263,9.301996,0.4850107
6.373562,-0.7356495,9.398794,0.5748506
6.386285,-0.7356495,9.398794,0.5748506
6.399859,-0.7356495,9.398794,0.5748506
6.410639,-0.4096137,9.470202,0.6534604
6.422402,-0.4096137,9.470202,0.6534604
6.433353,-0.4096137,9.470202,0.6534604
6.448581,-0.3010979,9.526474,0.6867842
6.459864,-0.3010979,9.526474,0.6867842
6.470905,-0.07381272,9.666483,0.9432429
6.484868,-0.07381272,9.666483,0.9432429
6.49515,-0.07381272,9.666483,0.9432429
6.505884,0.08890001,9.824557,1.17004
6.516254,0.08890001,9.824557,1.17004
6.530571,0.08890001,9.824557,1.17004
6.541625,0.1472471,9.934294,1.341785
6.552137,0.1472471,9.934294,1.341785
6.563042,0.1472471,9.934294,1.341785
6.576634,0.1092849,9.929533,1.309926
6.589256,0.1092849,9.929533,1.309926
6.599937,0.1092849,9.929533,1.309926
6.613418,-0.02242333,10.08639,1.09619
6.623933,-0.02242333,10.08639,1.09619
6.6341,-0.02242333,10.08639,1.09619
6.644791,-0.06917425,10.04806,1.037233
6.658444,-0.06917425,10.04806,1.037233
6.668953,-0.1078689,10.05258,0.9703414
6.679935,-0.1078689,10.05258,0.9703414
6.690334,-0.1078689,10.05258,0.9703414
6.704929,-0.1226388,10.08187,0.9107736
6.714781,-0.1226388,10.08187,0.9107736
6.725523,-0.1226388,10.08187,0.9107736
6.735669,-0.1226388,10.08187,0.9107736
6.749813,-0.1449767,10.08382,0.9602099
6.76059,-0.1449767,10.08382,0.9602099
6.770793,-0.1299627,10.06881,0.9310364
6.781475,-0.1299627,10.06881,0.9310364
6.797801,-0.1299627,10.06881,0.9310364
6.810266,-0.05379406,10.04647,0.868295
6.821625,-0.05379406,10.04647,0.868295
6.835149,0.03982985,10.03439,0.9387264
6.846725,0.03982985,10.03439,0.9387264
6.859312,0.03982985,10.03439,0.9387264
6.875466,0.1400453,10.03463,0.9681442
6.890202,0.1400453,10.03463,0.9681442
6.911199,0.1759324,10.03829,0.9794963
6.939596,0.2218288,10.04891,1.008792
6.952464,0.2218288,10.04891,1.008792
6.968246,0.2384297,10.05672,1.055299
6.977568,0.2384297,10.05672,1.055299
6.988176,0.2384297,10.05672,1.055299
7.000451,0.2384297,10.05672,1.055299
7.013824,0.1698291,10.06576,0.9038159
7.0247,0.1698291,10.06576,0.9038159
7.034804,0.1698291,10.06576,0.9038159
7.04595,0.1318669,10.09005,0.8403421
7.059868,0.1318669,10.09005,0.8403421
7.070759,0.04373593,10.15133,0.901985
7.08168,0.04373593,10.15133,0.901985
7.092068,0.04373593,10.15133,0.901985
7.106484,-0.1256904,10.19014,0.9403133
7.117331,-0.1256904,10.19014,0.9403133
7.130862,-0.1256904,10.19014,0.9403133
7.144917,-0.2609385,10.1899,0.9068676
7.155591,-0.2609385,10.1899,0.9068676
7.167533,-0.2609385,10.1899,0.9068676
7.177766,-0.2763187,10.14583,0.8984451
7.191888,-0.2763187,10.14583,0.8984451
7.204473,-0.3985058,10.06734,0.8332624
7.21442,-0.3985058,10.06734,0.8332624
7.22498,-0.3985058,10.06734,0.8332624
7.238484,-0.3805622,10.04281,0.7357323
7.249838,-0.3805622,10.04281,0.7357323
7.260642,-0.3805622,10.04281,0.7357323
7.270955,-0.3805622,10.04281,0.7357323
7.284984,-0.3944776,10.07113,0.708878
7.295152,-0.3944776,10.07113,0.708878
7.305948,-0.3847124,10.07687,0.6521177
7.316129,-0.3847124,10.07687,0.6521177
7.330678,-0.3847124,10.07687,0.6521177
7.341346,-0.5723264,10.17989,0.5913293
7.351844,-0.5723264,10.17989,0.5913293
7.363463,-0.5723264,10.17989,0.5913293
7.377233,-0.6691241,10.23128,0.6903241
7.387927,-0.6691241,10.23128,0.6903241
7.398118,-0.6691241,10.23128,0.6903241
7.4112,-0.6339692,10.24007,0.6643242
7.426238,-0.6339692,10.24007,0.6643242
7.436864,-0.6339692,10.24007,0.6643242
7.447768,-0.5863639,10.25301,0.5953575
7.461592,-0.5863639,10.25301,0.5953575
7.472026,-0.7056215,10.27461,0.588766
7.482635,-0.7056215,10.27461,0.588766
7.492779,-0.7056215,10.27461,0.588766
7.507004,-0.7056215,10.27461,0.588766
7.517631,-0.6414152,10.24959,0.5030763
7.529425,-0.6414152,10.24959,0.5030763
7.543584,-0.6504481,10.27742,0.4734145
7.554178,-0.6504481,10.27742,0.4734145
7.565854,-0.6504481,10.27742,0.4734145
7.576326,-0.7325978,10.32856,0.5129635
7.59056,-0.7325978,10.32856,0.5129635
7.601442,-0.7325978,10.32856,0.5129635
7.613569,-0.7981468,10.33857,0.4868416
7.629283,-0.7981468,10.33857,0.4868416
7.639917,-0.896165,10.36238,0.3686827
7.650208,-0.896165,10.36238,0.3686827
7.66101,-0.896165,10.36238,0.3686827
7.67473,-0.9215546,10.34016,0.1979136
7.685493,-0.9215546,10.34016,0.1979136
7.695623,-0.9215546,10.34016,0.1979136
7.706585,-0.9215546,10.34016,0.1979136
7.720111,-0.924118,10.34785,0.05399892
7.730877,-0.924118,10.34785,0.05399892
7.741528,-0.9591506,10.38276,0.1258952
7.751843,-0.9591506,10.38276,0.1258952
7.766061,-0.9591506,10.38276,0.1258952
7.778488,-1.10807,10.32441,0.3727108
7.789722,-1.10807,10.32441,0.3727108
7.803547,-1.10807,10.32441,0.3727108
7.815673,-1.037883,10.27217,0.2261107
7.830843,-1.037883,10.27217,0.2261107
7.845533,-1.041667,10.2552,0.06290967
7.855992,-1.041667,10.2552,0.06290967
7.867119,-1.041667,10.2552,0.06290967
7.877442,-1.041667,10.2552,0.06290967
7.891695,-1.018718,10.23836,0.09049638
7.90252,-1.018718,10.23836,0.09049638
7.912728,-1.021526,10.14559,0.1868057
7.923575,-1.021526,10.14559,0.1868057
7.936741,-1.021526,10.14559,0.1868057
7.947212,-1.129676,10.05733,0.2483265
7.95788,-1.129676,10.05733,0.2483265
7.971017,-1.129676,10.05733,0.2483265
7.985084,-1.121253,10.01718,0.2037728
7.995401,-1.121253,10.01718,0.2037728
8.00608,-1.121253,10.01718,0.2037728
8.017945,-1.121253,10.01718,0.2037728
8.031931,-1.029582,10.00448,0.1566556
8.042479,-1.021526,9.878143,0.02201788
8.052872,-1.021526,9.878143,0.02201788
8.063437,-1.021526,9.878143,0.02201788
8.076739,-0.8789538,9.813449,-0.09601903
8.090108,-0.8789538,9.813449,-0.09601903
8.100822,-0.8789538,9.813449,-0.09601903
8.114383,-1.041789,9.713478,-0.1308076
8.124978,-1.041789,9.713478,-0.1308076
8.134917,-1.041789,9.713478,-0.1308076
8.145501,-1.041789,9.713478,-0.1308076
8.160006,-1.045695,9.761694,-0.07075157
8.175148,-0.6129741,9.611675,-0.1627886
8.188176,-0.6129741,9.611675,-0.1627886
8.202475,-0.6129741,9.611675,-0.1627886
8.213611,-0.4171818,9.496447,-0.3910503
8.226397,-0.4171818,9.496447,-0.3910503
8.239653,-0.2443376,9.36071,-0.7671328
8.250565,-0.2443376,9.36071,-0.7671328
8.261247,-0.2443376,9.36071,-0.7671328
8.271466,-0.2443376,9.36071,-0.7671328
8.285343,-0.1914834,9.222044,-0.9471787
8.29568,-0.1914834,9.222044,-0.9471787
8.307028,-0.1914834,9.222044,-0.9471787
8.317545,-0.07124936,9.216673,-0.9980798
8.331657,-0.07124936,9.216673,-0.9980798
8.342278,-0.0375594,9.102908,-0.9591411
8.352494,-0.0375594,9.102908,-0.9591411
8.363376,-0.0375594,9.102908,-0.9591411
8.376663,-0.3777547,9.193236,-0.9359487
8.389291,-0.3777547,9.193236,-0.9359487
8.400205,-0.3777547,9.193236,-0.9359487
8.414684,-0.1352115,9.266598,-0.8641745
8.431603,-0.1352115,9.266598,-0.8641745
8.442258,-0.1352115,9.266598,-0.8641745
8.455567,-0.002038469,9.205565,-0.760175
8.466435,-0.002038469,9.205565,-0.760175
8.47685,0.3551239,9.123416,-0.908362
8.495111,0.3551239,9.123416,-0.908362
8.512847,0.6696855,9.199584,-0.934728
8.523869,0.6696855,9.199584,-0.934728
8.534661,0.6696855,9.199584,-0.934728
8.548805,0.8991679,9.384269,-0.8104659
8.559628,0.8991679,9.384269,-0.8104659
8.570795,0.8991679,9.384269,-0.8104659
8.581782,1.003778,9.382316,-0.5551057
8.595533,1.003778,9.382316,-0.5551057
8.606099,1.003778,9.382316,-0.5551057
8.616361,0.9058815,9.550155,0.08366074
8.629313,0.9058815,9.550155,0.08366074
8.642973,0.7918727,9.456165,0.4056684
8.65313,0.7918727,9.456165,0.4056684
8.663878,0.7918727,9.456165,0.4056684
8.673827,0.7918727,9.456165,0.4056684
8.687699,0.591686,9.636333,0.5178461
8.69824,0.591686,9.636333,0.5178461
8.708671,0.5163718,9.684182,0.4880623
8.719049,0.5163718,9.684182,0.4880623
8.732853,0.5163718,9.684182,0.4880623
8.74343,0.480973,9.796848,0.6330756
8.753691,0.480973,9.796848,0.6330756
8.764942,0.480973,9.796848,0.6330756
8.778564,0.3819782,9.959439,0.6654229
8.789861,0.3819782,9.959439,0.6654229
8.800474,0.3819782,9.959439,0.6654229
8.810619,0.3819782,9.959439,0.6654229
8.824441,0.3124011,10.30867,0.8122671
8.83686,0.3124011,10.30867,0.8122671
8.847738,0.2848144,10.53339,1.003421
8.861244,0.2848144,10.53339,1.003421
8.871862,0.2848144,10.53339,1.003421
8.883139,0.2256128,10.35566,1.577859
8.893426,0.2256128,10.35566,1.577859
8.907211,0.3260724,10.29634,1.63169
8.918195,0.3260724,10.29634,1.63169
8.928949,0.3260724,10.29634,1.63169
8.939925,0.3260724,10.29634,1.63169
8.953254,0.4599778,10.27315,1.435287
8.964176,0.4599778,10.27315,1.435287
8.974687,0.4599778,10.27315,1.435287
8.985524,0.559705,10.11287,1.030153
8.999226,0.559705,10.11287,1.030153
9.009744,0.559705,10.11287,1.030153
9.020331,0.481095,10.00839,0.6269724
9.030792,0.481095,10.00839,0.6269724
9.046683,0.1607963,10.01669,0.4662126
9.056965,0.1607963,10.01669,0.4662126
9.067879,0.1607963,10.01669,0.4662126
9.081394,0.07339773,10.09933,0.4892829
9.092014,0.07339773,10.09933,0.4892829
9.10261,0.07339773,10.09933,0.4892829
9.112812,0.07339773,10.09933,0.4892829
9.128119,-0.07503337,10.36799,0.7552627
9.138772,-0.07503337,10.36799,0.7552627
9.150063,-0.434393,10.48591,0.8888019
9.165675,-0.434393,10.48591,0.8888019
9.18412,-0.8569822,10.56244,0.8875813
9.200234,-0.8569822,10.56244,0.8875813
9.214248,-1.037394,10.62079,0.889046
9.225125,-1.037394,10.62079,0.889046
9.235244,-1.037394,10.62079,0.889046
9.247982,-1.037394,10.62079,0.889046
9.261553,-1.066446,10.51813,0.8971024
9.272122,-1.066446,10.51813,0.8971024
9.282825,-0.8207288,10.30256,0.8139759
9.293205,-0.8207288,10.30256,0.8139759
9.308491,-0.8207288,10.30256,0.8139759
9.319482,-0.6102887,10.11971,0.8289901
9.330975,-0.6102887,10.11971,0.8289901
9.345685,-0.5018949,10.01266,0.8625579
9.357829,-0.5018949,10.01266,0.8625579
9.376949,-0.5018949,10.01266,0.8625579
9.399395,-0.4398858,9.848482,0.8150746
9.41169,-0.4398858,9.848482,0.8150746
9.4224,-0.4624679,9.819186,0.7788213
9.436023,-0.4624679,9.819186,0.7788213
9.449137,-0.6602133,9.782933,0.5991415
9.46003,-0.6602133,9.782933,0.5991415
9.47357,-0.6602133,9.782933,0.5991415
9.485553,-0.7543254,9.81821,0.4934331
9.49641,-0.7543254,9.81821,0.4934331
9.510646,-0.7543254,9.81821,0.4934331
9.52543,-0.9379112,9.939177,0.1927869
9.536731,-0.9379112,9.939177,0.1927869
9.547626,-0.9560989,9.970547,0.02653429
9.561378,-0.9560989,9.970547,0.02653429
9.572057,-0.9560989,9.970547,0.02653429
9.582783,-0.7036685,9.753881,-0.1828073
9.59352,-0.7036685,9.753881,-0.1828073
9.607716,-0.7036685,9.753881,-0.1828073
9.61826,-0.5632936,9.610333,-0.2861964
9.629152,-0.5632936,9.610333,-0.2861964
9.63979,-0.5632936,9.610333,-0.2861964
9.655177,0.06021471,9.367912,-0.6453118
9.665834,0.06021471,9.367912,-0.6453118
9.675831,0.06021471,9.367912,-0.6453118
9.687051,0.2497817,9.203368,-0.8341464
9.700493,0.2497817,9.203368,-0.8341464
9.711114,0.2497817,9.203368,-0.8341464
9.721684,-0.1358218,9.105227,-1.54603
9.732184,-0.1358218,9.105227,-1.54603
9.746001,-0.258253,9.166383,-1.540537
9.756275,-0.258253,9.166383,-1.540537
9.767522,-0.258253,9.166383,-1.540537
9.778053,-0.258253,9.166383,-1.540537
9.79212,0.1162426,9.20703,-1.385636
9.804833,0.1162426,9.20703,-1.385636
9.81515,0.2311058,9.150514,-1.401139
9.829249,0.2311058,9.150514,-1.401139
9.839816,0.2311058,9.150514,-1.401139
9.852261,0.494278,9.363029,-1.659795
9.866511,0.494278,9.363029,-1.659795
9.87675,0.494278,9.363029,-1.659795
9.889425,1.017449,9.752783,-0.9358266
9.903162,1.017449,9.752783,-0.9358266
9.913934,1.328104,9.743995,0.198646
9.92458,1.328104,9.743995,0.198646
9.934903,1.328104,9.743995,0.198646
9.948985,1.03881,9.772923,0.3673399
9.959541,1.03881,9.772923,0.3673399
9.970804,1.03881,9.772923,0.3673399
9.981938,1.03881,9.772923,0.3673399
9.995674,0.8942853,9.825168,0.6124465
10.00804,0.8942853,9.825168,0.6124465
10.01851,1.081289,9.905486,0.9328673
10.03251,1.081289,9.905486,0.9328673
10.04337,1.081289,9.905486,0.9328673
10.05559,1.86397,10.06051,1.67307
10.06969,1.86397,10.06051,1.67307
10.08053,2.176457,10.47223,2.47699
10.09064,2.176457,10.47223,2.47699
10.10141,2.176457,10.47223,2.47699
10.11481,1.04943,11.92554,1.19189
10.12551,1.04943,11.92554,1.19189
10.13576,1.04943,11.92554,1.19189
10.14632,1.04943,11.92554,1.19189
10.15969,-3.328067,11.60744,1.167721
10.17056,-3.328067,11.60744,1.167721
10.18242,-4.002477,11.13773,0.02506951
10.19272,-4.002477,11.13773,0.02506951
10.20659,-4.002477,11.13773,0.02506951
10.21698,-2.753141,11.3721,-0.9475449
10.22769,-2.753141,11.3721,-0.9475449
10.23787,-2.753141,11.3721,-0.9475449
10.25182,-0.01570976,11.09635,0.6100053
10.26519,-0.01570976,11.09635,0.6100053
10.2777,-0.01570976,11.09635,0.6100053
10.29155,0.6932441,10.90215,1.097411
10.30231,0.6932441,10.90215,1.097411
10.31268,0.6932441,10.90215,1.097411
10.32328,0.6932441,10.90215,1.097411
10.33652,2.667403,10.26778,1.825773
10.34745,3.992541,9.011848,3.142245
10.35762,3.992541,9.011848,3.142245
10.36832,3.992541,9.011848,3.142245
10.38185,3.673584,9.628155,2.938762
10.39267,3.673584,9.628155,2.938762
10.40359,3.673584,9.628155,2.938762
10.41401,3.673584,9.628155,2.938762
10.43354,2.063546,11.33804,0.7485491
10.4453,2.063546,11.33804,0.7485491
10.45629,0.2456315,12.18664,0.1265056
10.47355,0.2456315,12.18664,0.1265056
10.48416,-3.960242,10.76348,-0.7523628
10.49468,-3.960242,10.76348,-0.7523628
10.5085,-3.960242,10.76348,-0.7523628
10.51878,-0.8346443,10.63287,1.298941
10.52966,-0.8346443,10.63287,1.298941
10.54041,-0.8346443,10.63287,1.298941
10.55385,-0.8346443,10.63287,1.298941
10.56477,0.5516486,10.24324,1.958702
10.57544,0.5516486,10.24324,1.958702
10.58676,0.5516486,10.24324,1.958702
10.60032,2.413507,9.48131,2.076617
10.61098,2.413507,9.48131,2.076617
10.62157,3.198996,9.381827,1.157955
10.63204,3.198996,9.381827,1.157955
10.64587,2.205508,10.15755,0.500635
10.65617,2.205508,10.15755,0.500635
10.66704,2.205508,10.15755,0.500635
10.67934,2.205508,10.15755,0.500635
10.69309,-3.162913,11.43154,-0.5609649
10.70395,-3.162913,11.43154,-0.5609649
10.71435,-3.162913,11.43154,-0.5609649
10.72502,-4.002477,10.97966,-1.38527
10.73863,-4.002477,10.97966,-1.38527
10.74934,-0.8081561,10.69061,1.110228
10.76012,-0.8081561,10.69061,1.110228
10.77038,-0.8081561,10.69061,1.110228
10.78468,0.3971143,10.44562,1.754487
10.79491,0.3971143,10.44562,1.754487
10.80548,0.3971143,10.44562,1.754487
10.81945,3.889884,8.847915,2.235668
10.83367,3.889884,8.847915,2.235668
10.84423,3.889884,8.847915,2.235668
10.85425,3.992541,8.560329,2.370428
10.86523,3.992541,8.560329,2.370428
10.87877,3.992541,8.560329,2.370428
10.89134,2.533985,10.19747,1.127317
10.90191,2.533985,10.19747,1.127317
10.9154,-1.70924,11.79029,-0.906409
10.92612,-1.70924,11.79029,-0.906409
10.93655,-1.70924,11.79029,-0.906409
10.94733,-1.70924,11.79029,-0.906409
10.96066,-4.002477,11.06791,-1.300069
10.972,-4.002477,11.06791,-1.300069
10.98278,-4.002477,11.06791,-1.300069
10.99293,-4.002477,11.06791,-1.300069
11.007,-3.50494,11.12638,0.3010586
11.0174,-0.006188681,10.82354,1.853848
11.02872,-0.006188681,10.82354,1.853848
11.03884,-0.006188681,10.82354,1.853848
11.05282,3.807734,9.048346,2.50299
11.06367,3.807734,9.048346,2.50299
11.07451,3.807734,9.048346,2.50299
11.08659,3.807734,9.048346,2.50299
11.10138,3.992541,8.42264,2.525084
11.1111,3.992541,8.42264,2.525084
11.12128,2.494802,10.1722,1.035036
11.13205,2.494802,10.1722,1.035036
11.1454,2.494802,10.1722,1.035036
11.15547,-0.988202,11.67885,-0.3803086
11.16638,-0.988202,11.67885,-0.3803086
11.17677,-0.988202,11.67885,-0.3803086
11.19094,-4.002477,11.0341,-1.321186
11.20216,-4.002477,11.0341,-1.321186
11.21256,-4.002477,11.0341,-1.321186
11.22323,-4.002477,11.0341,-1.321186
11.23656,-3.669972,11.00078,0.1362708
11.24743,-0.222488,10.58026,1.549662
11.25757,-0.222488,10.58026,1.549662
11.26867,-0.222488,10.58026,1.549662
11.28237,-0.222488,10.58026,1.549662
11.29289,1.496676,10.01888,1.889003
11.30582,1.496676,10.01888,1.889003
11.31927,3.661378,8.951059,1.354358
11.32996,3.661378,8.951059,1.354358
11.34053,3.661378,8.951059,1.354358
11.35057,3.661378,8.951059,1.354358
11.36442,2.427056,9.975063,0.4830576
11.37488,2.427056,9.975063,0.4830576
11.38541,-1.648696,11.2587,0.06315381
11.39564,-1.648696,11.2587,0.06315381
11.40929,-1.648696,11.2587,0.06315381
11.41996,-4.002477,10.91179,-0.5869647
11.43238,-4.002477,10.91179,-0.5869647
11.44612,-4.002477,10.91179,-0.5869647
11.45616,-1.736217,10.87236,0.8927081
11.46741,-1.736217,10.87236,0.8927081
11.47761,-1.736217,10.87236,0.8927081
11.49141,-0.1918496,10.7387,1.065552
11.50181,-0.1918496,10.7387,1.065552
11.51394,-0.1918496,10.7387,1.065552
11.52477,1.606047,10.21797,1.191279
11.53857,1.606047,10.21797,1.191279
11.54958,3.825556,8.8246,1.191401
11.56041,3.825556,8.8246,1.191401
11.57083,3.825556,8.8246,1.191401
11.58506,2.832679,9.68113,0.6289253
11.59529,2.832679,9.68113,0.6289253
11.60583,2.832679,9.68113,0.6289253
11.61612,2.832679,9.68113,0.6289253
11.6299,0.3062979,11.16459,0.6159865
11.64273,0.3062979,11.16459,0.6159865
11.65471,-4.002477,11.0673,-0.5807394
11.66919,-4.002477,11.0673,-0.5807394
11.68114,-4.002477,11.0673,-0.5807394
11.6919,-3.986731,10.98576,0.2390496
11.70591,-3.986731,10.98576,0.2390496
11.71837,0.103914,10.49726,1.398668
11.72942,0.103914,10.49726,1.398668
11.74321,0.103914,10.49726,1.398668
11.75328,3.992541,7.886897,1.566629
11.76415,3.992541,7.886897,1.566629
11.77428,3.992541,7.886897,1.566629
11.78872,2.441826,9.138796,0.004562578
11.79916,2.441826,9.138796,0.004562578
11.80976,2.441826,9.138796,0.004562578
11.82083,2.441826,9.138796,0.004562578
11.83415,1.755088,9.786595,0.1083179
11.8447,1.755088,9.786595,0.1083179
11.85561,-2.611789,10.98991,0.5854702
11.86672,-2.611789,10.98991,0.5854702
11.88014,-2.611789,10.98991,0.5854702
11.89064,-4.002477,11.08109,-0.1107889
11.90138,-4.002477,11.08109,-0.1107889
11.91157,-4.002477,11.08109,-0.1107889
11.92746,-1.300078,11.106,0.8397318
11.93801,-1.300078,11.106,0.8397318
11.94882,-1.300078,11.106,0.8397318
11.96233,0.78699,10.43073,0.9466608
11.97247,0.78699,10.43073,0.9466608
11.98314,0.78699,10.43073,0.9466608
11.99318,3.992052,7.862117,1.699314
12.0072,3.992052,7.862117,1.699314
12.01754,3.992052,7.862117,1.699314
12.02801,2.224428,9.316156,0.7920042
12.03823,2.224428,9.316156,0.7920042
12.05227,-0.2643563,10.61017,0.8265488
12.06304,-0.2643563,10.61017,0.8265488
12.07355,-0.2643563,10.61017,0.8265488
12.08416,-0.2643563,10.61017,0.8265488
12.09777,-3.310246,10.93523,0.3425607
12.10945,-3.310246,10.93523,0.3425607
12.12019,-3.95536,11.1746,0.04740741
12.1327,-3.95536,11.1746,0.04740741
12.14616,-3.95536,11.1746,0.04740741
12.1563,-0.4912753,11.20267,1.463484
12.1671,-0.4912753,11.20267,1.463484
12.17718,-0.4912753,11.20267,1.463484
12.1913,-0.4912753,11.20267,1.463484
12.20173,1.594328,10.12618,2.016317
12.21224,1.594328,10.12618,2.016317
12.2234,3.610476,8.612329,2.009237
12.23688,3.610476,8.612329,2.009237
12.24759,3.610476,8.612329,2.009237
12.2577,1.955763,9.16211,-0.1322724
12.26872,1.955763,9.16211,-0.1322724
12.28247,1.955763,9.16211,-0.1322724
12.29299,1.031609,9.532455,-0.03132455
12.30351,1.031609,9.532455,-0.03132455
12.31368,1.031609,9.532455,-0.03132455
12.32741,-3.135448,10.22701,-0.49566
12.33986,-3.135448,10.22701,-0.49566
12.35065,-3.135448,10.22701,-0.49566
12.36466,-3.982458,10.3376,-0.4136323
12.37483,-3.982458,10.3376,-0.4136323
12.38637,-3.982458,10.3376,-0.4136323
12.39637,-0.7999778,10.38178,1.165401
12.41053,-0.7999778,10.38178,1.165401
12.42558,1.715539,9.713478,1.367541
12.43812,1.715539,9.713478,1.367541
12.45445,3.992541,8.013722,1.195063
12.4669,3.992541,8.013722,1.195063
12.48903,2.196231,9.807835,-0.08283601
12.5057,2.196231,9.807835,-0.08283601
12.5175,2.196231,9.807835,-0.08283601
12.52933,1.189439,10.47114,-0.04877985
12.54645,1.189439,10.47114,-0.04877985
12.55633,-3.797652,11.56472,-0.467341
12.56725,-3.797652,11.56472,-0.467341
12.58061,-3.797652,11.56472,-0.467341
12.59206,-3.979162,11.21231,1.329945
12.60291,-3.979162,11.21231,1.329945
12.61308,-3.979162,11.21231,1.329945
12.62698,-1.018474,11.48708,1.04944
12.63731,-1.018474,11.48708,1.04944
12.64807,-1.018474,11.48708,1.04944
12.65835,-1.018474,11.48708,1.04944
12.67236,0.7783234,11.32767,1.073975
12.68316,0.7783234,11.32767,1.073975
12.69305,3.992541,8.285316,2.531309
12.70358,3.992541,8.285316,2.531309
12.71731,3.992541,8.285316,2.531309
12.72902,3.020048,9.719093,0.9768109
12.73968,3.020048,9.719093,0.9768109
12.75217,3.020048,9.719093,0.9768109
12.76598,1.908646,10.45588,0.4582784
12.77611,1.908646,10.45588,0.4582784
12.78788,0.6287938,11.03654,0.3950487
12.79829,0.6287938,11.03654,0.3950487
12.81186,0.6287938,11.03654,0.3950487
12.82257,-4.002477,10.9666,-0.2155207
12.83307,-4.002477,10.9666,-0.2155207
12.84357,-4.002477,10.9666,-0.2155207
12.85707,-1.284088,10.94841,0.9920689
12.87079,-1.284088,10.94841,0.9920689
12.88164,-1.284088,10.94841,0.9920689
12.89515,-1.284088,10.94841,0.9920689
12.90735,0.4674238,10.52252,1.063721
12.91774,0.4674238,10.52252,1.063721
12.92869,3.992541,8.032398,1.222894
12.94222,3.992541,8.032398,1.222894
12.95515,3.02371,9.231565,0.5772918
12.96684,3.02371,9.231565,0.5772918
12.98024,3.02371,9.231565,0.5772918
12.99176,0.4122503,10.64544,0.5163814
13.00247,0.4122503,10.64544,0.5163814
13.013,0.4122503,10.64544,0.5163814
13.02652,-2.553686,11.05192,0.09537899
13.0367,-2.553686,11.05192,0.09537899
13.04739,-2.553686,11.05192,0.09537899
13.05756,-2.553686,11.05192,0.09537899
13.07135,-4.002477,11.16984,-0.2595862
13.08272,-4.002477,11.16984,-0.2595862
13.09287,-1.416162,11.18021,1.398423
13.10328,-1.416162,11.18021,1.398423
13.11683,-1.416162,11.18021,1.398423
13.12831,0.8356941,10.6773,1.298818
13.14019,0.8356941,10.6773,1.298818
13.15467,3.992541,7.95037,1.268912
13.16926,3.992541,7.95037,1.268912
13.18039,3.992541,7.95037,1.268912
13.1936,2.700604,9.458606,-0.5175097
13.20428,2.700604,9.458606,-0.5175097
13.21444,2.700604,9.458606,-0.5175097
13.22513,2.700604,9.458606,-0.5175097
13.23867,1.45432,10.11886,-0.2853419
13.24961,1.45432,10.11886,-0.2853419
13.2601,-3.713671,11.028,-0.2702059
13.27028,-3.713671,11.028,-0.2702059
13.28551,-3.713671,11.028,-0.2702059
13.29569,-3.846722,10.89482,1.364001
13.30681,-3.846722,10.89482,1.364001
13.31724,-3.846722,10.89482,1.364001
13.33111,-0.01924964,10.47919,1.273185
13.34248,-0.01924964,10.47919,1.273185
13.35272,-0.01924964,10.47919,1.273185
13.36671,2.254823,9.366081,1.061646
13.38273,2.254823,9.366081,1.061646
13.39367,3.948109,8.111984,0.37857
13.4052,3.948109,8.111984,0.37857
13.42062,3.948109,8.111984,0.37857
13.45628,1.988721,9.598371,0.2535753
13.49947,-2.235097,10.7459,0.2932465
13.52084,-2.94283,10.79424,1.559916
13.53611,-2.94283,10.79424,1.559916
13.55359,-2.94283,10.79424,1.559916
13.57065,0.3906448,10.50495,0.9970736
13.58897,1.522676,9.993251,0.7942014
13.60265,1.522676,9.993251,0.7942014
13.61873,1.522676,9.993251,0.7942014
13.63126,2.159612,9.229734,0.5530009
13.64567,2.159612,9.229734,0.5530009
13.66089,1.666835,8.996468,0.3064295
13.67356,1.666835,8.996468,0.3064295
13.68595,1.666835,8.996468,0.3064295
13.69997,1.32249,9.041998,-0.04194421
13.71046,1.32249,9.041998,-0.04194421
13.72108,0.2823731,9.327996,-0.4797916
13.73151,0.2823731,9.327996,-0.4797916
13.74594,0.2823731,9.327996,-0.4797916
13.75681,-0.624082,9.341668,-0.5890399
13.76943,-0.624082,9.341668,-0.5890399
13.78359,-0.624082,9.341668,-0.5890399
13.79646,-0.586486,9.302118,-0.3532101
13.80736,-0.586486,9.302118,-0.3532101
13.82171,-0.2884031,9.267208,-0.302431
13.83379,-0.2884031,9.267208,-0.302431
13.84555,-0.2884031,9.267208,-0.302431
13.86009,0.4112738,9.275875,-0.7454051
13.87122,0.4112738,9.275875,-0.7454051
13.88407,0.4112738,9.275875,-0.7454051
13.90087,0.6121929,9.394888,-0.820109
13.91309,0.6121929,9.394888,-0.820109
13.92528,0.6121929,9.394888,-0.820109
13.9408,-0.04463918,9.678202,-1.239524
13.95471,-0.04463918,9.678202,-1.239524
13.96767,-0.1309392,9.677835,-1.404923
13.98368,-0.1309392,9.677835,-1.404923
13.99842,0.06888133,9.634379,-1.118192
14.0104,0.06888133,9.634379,-1.118192
14.02504,0.1251533,9.741309,-2.102891
14.03695,0.1251533,9.741309,-2.102891
14.05024,0.1251533,9.741309,-2.102891
14.06711,0.2085238,9.705666,-1.359148
14.07786,0.2085238,9.705666,-1.359148
14.08808,0.2085238,9.705666,-1.359148
14.1015,0.2085238,9.705666,-1.359148
14.11291,0.2085238,9.705666,-1.359148
14.12362,0.2085238,9.705666,-1.359148
14.13422,0.2085238,9.705666,-1.359148
14.14909,0.1556696,9.731421,-0.4974911
14.15974,0.1308904,9.727515,-0.669969
14.17009,0.1308904,9.727515,-0.669969
14.18075,0.1308904,9.727515,-0.669969
14.19513,0.1307683,9.803074,-0.7331987
14.20815,0.1307683,9.803074,-0.7331987
14.21814,0.1307683,9.803074,-0.7331987
14.23196,0.2818848,9.800266,-1.562509
14.24333,0.2818848,9.800266,-1.562509
14.2535,0.2818848,9.800266,-1.562509
14.26403,0.06558558,9.890472,-0.9746432
14.27765,0.06558558,9.890472,-0.9746432
14.28807,0.06558558,9.890472,-0.9746432
14.29818,0.3045889,9.78745,-1.036164
14.30883,0.3045889,9.78745,-1.036164
14.32236,0.3045889,9.78745,-1.036164
14.33259,0.1985144,9.832126,-0.9880705
14.34308,0.1985144,9.832126,-0.9880705
14.35318,0.1985144,9.832126,-0.9880705
14.36983,0.1242989,9.824435,-0.9664649
14.38083,0.1242989,9.824435,-0.9664649
14.39124,0.1242989,9.824435,-0.9664649
14.40541,0.1711719,9.804539,-1.020051
14.41866,0.1711719,9.804539,-1.020051
14.42943,0.186552,9.850191,-0.9558454
14.4432,0.186552,9.850191,-0.9558454
14.45316,0.186552,9.850191,-0.9558454
14.46394,0.1473692,9.815036,-0.9670752
14.47441,0.1473692,9.815036,-0.9670752
14.48824,0.1473692,9.815036,-0.9670752
14.49854,0.1559137,9.828219,-1.031526
14.50933,0.1559137,9.828219,-1.031526
14.52807,0.1559137,9.828219,-1.031526
14.54491,0.04459038,9.819552,-0.9963709
14.55952,0.02383932,9.831759,-0.9645119
14.57388,0.02383932,9.831759,-0.9645119
14.59134,0.1307683,9.806492,-0.9775729
14.60651,0.1307683,9.806492,-0.9775729
14.62084,0.1307683,9.806492,-0.9775729
14.63798,-0.03621669,9.836153,-0.9149535
14.6524,-0.03621669,9.836153,-0.9149535
14.66377,-0.03621669,9.836153,-0.9149535
14.67892,-0.04341852,9.815646,-0.8736956
14.69164,0.02005531,9.752295,-1.062896
14.70325,0.02005531,9.752295,-1.062896
14.71657,0.02005531,9.752295,-1.062896
14.72728,0.004675108,9.783666,-1.028718
14.73763,0.004675108,9.783666,-1.028718
14.74957,0.004675108,9.783666,-1.028718
14.76383,0.004186849,9.779027,-1.002596
14.77445,0.004186849,9.779027,-1.002596
14.78516,0.004186849,9.779027,-1.002596
14.79659,-0.001306079,9.78159,-1.008821
14.81076,-0.001306079,9.78159,-1.008821
14.82381,-0.001306079,9.78159,-1.008821
14.83395,-0.003381185,9.780492,-1.007235
14.84797,-0.003381185,9.780492,-1.007235
14.85858,-0.0002074934,9.781468,-1.009676
14.87023,-0.0002074934,9.781468,-1.009676
14.8841,-0.0002074934,9.781468,-1.009676
14.89751,-0.00325912,9.781835,-1.003085
14.90803,-0.00325912,9.781835,-1.003085
14.91821,-0.00325912,9.781835,-1.003085
14.92889,-0.00325912,9.781835,-1.003085
14.94277,-0.004723901,9.781468,-1.004183
14.95298,-0.004723901,9.781468,-1.004183
14.9637,-0.002892925,9.780858,-1.003329
14.97405,-0.002892925,9.780858,-1.003329
14.98803,-0.002892925,9.780858,-1.003329
14.99849,-0.003137055,9.780004,-1.003817
15.00921,-0.003137055,9.780004,-1.003817
15.01971,-0.003137055,9.780004,-1.003817
15.03535,-0.003381185,9.780248,-1.002962
15.04598,-0.003381185,9.780248,-1.002962
15.056,-0.003381185,9.780248,-1.002962
15.06757,-0.00374738,9.78037,-1.003206
15.0813,-0.00374738,9.78037,-1.003206
15.09187,-0.003625315,9.78098,-1.002474
15.10264,-0.003625315,9.78098,-1.002474
15.11294,-0.003625315,9.78098,-1.002474
15.12687,-0.003869446,9.78098,-1.002474
15.13748,-0.003869446,9.78098,-1.002474
15.15085,-0.003869446,9.78098,-1.002474
15.16469,-0.003625315,9.780736,-1.002596
15.17511,-0.003625315,9.780736,-1.002596
15.18572,-0.003625315,9.780736,-1.002596
15.19682,-0.003625315,9.780736,-1.002596
15.2107,-0.00325912,9.780736,-1.002962
15.2217,-0.00325912,9.780736,-1.002962
15.23445,-0.00325912,9.779881,-1.003085
15.24887,-0.00325912,9.779881,-1.003085
15.25972,-0.00325912,9.78037,-1.002352
15.27767,-0.00325912,9.78037,-1.002352
15.29156,-0.003137055,9.781468,-1.001986
15.30423,-0.003137055,9.781468,-1.001986
15.31553,-0.003137055,9.781468,-1.001986
15.33124,-0.00374738,9.781224,-1.002108
15.34146,-0.00374738,9.781224,-1.002108
15.35068,-0.00374738,9.781224,-1.002108
15.36167,-0.00374738,9.781224,-1.002108
15.37523,-0.003625315,9.780614,-1.002596
15.38691,-0.003625315,9.780614,-1.002596
15.39769,-0.003869446,9.780492,-1.003329
15.4087,-0.003869446,9.780492,-1.003329
15.42182,-0.003869446,9.780492,-1.003329
15.43482,-0.00301499,9.779515,-1.002718
15.44946,-0.00301499,9.779515,-1.002718
15.46466,-0.00350325,9.779637,-1.002474
15.47519,-0.00350325,9.779637,-1.002474
15.48608,-0.00350325,9.779637,-1.002474
15.49958,-0.003137055,9.780736,-1.002718
15.5107,-0.003137055,9.780736,-1.002718
15.52172,-0.003137055,9.780736,-1.002718
15.53213,-0.003137055,9.780736,-1.002718
15.54667,-0.003137055,9.78098,-1.003206
15.55748,-0.003137055,9.78098,-1.003206
15.56862,-0.00325912,9.780736,-1.002718
15.5821,-0.00325912,9.780736,-1.002718
15.59342,-0.003137055,9.78098,-1.002474
15.604,-0.003137055,9.78098,-1.002474
15.61437,-0.003137055,9.78098,-1.002474
15.6289,-0.00350325,9.780858,-1.002718
15.64227,-0.00350325,9.780858,-1.002718
15.65201,-0.00350325,9.780858,-1.002718
15.66572,-0.003381185,9.780126,-1.001986
15.67605,-0.003381185,9.780126,-1.001986
15.68669,-0.003381185,9.780126,-1.001986
15.69716,-0.003381185,9.780126,-1.001986
15.71103,-0.003137055,9.779637,-1.00223
15.72158,-0.003137055,9.779637,-1.00223
15.73192,-0.003137055,9.781346,-1.00284
15.74259,-0.003137055,9.781346,-1.00284
15.7558,-0.003137055,9.781346,-1.00284
15.76639,-0.00350325,9.78098,-1.002474
15.77682,-0.00350325,9.78098,-1.002474
15.79029,-0.00350325,9.78098,-1.002474
15.80426,-0.003869446,9.781102,-1.002596
15.81452,-0.003869446,9.781102,-1.002596
15.82495,-0.003869446,9.781102,-1.002596
15.83502,-0.00350325,9.780736,-1.002596
15.85152,-0.00350325,9.780736,-1.002596
15.87159,-0.00399151,9.780858,-1.002352
15.88557,-0.00399151,9.780858,-1.002352
15.89498,-0.002892925,9.779759,-1.00223
15.90539,-0.002892925,9.779759,-1.00223
15.91564,-0.002892925,9.779759,-1.00223
15.92955,-0.00252673,9.779881,-1.002352
15.9402,-0.00252673,9.779881,-1.002352
15.95044,-0.00252673,9.779881,-1.002352
15.96111,-0.00252673,9.779881,-1.002352
15.97459,-0.002892925,9.780492,-1.001376
15.98547,-0.002892925,9.780492,-1.001376
16.00367,-0.00301499,9.78098,-1.001498
